zenoh-flow-python,8000000,60,29206911,ns
zenoh-flow-python,8000000,60,16912911,ns
zenoh-flow-python,8000000,60,16990663,ns
zenoh-flow-python,8000000,60,17358503,ns
zenoh-flow-python,8000000,60,5709281,ns
zenoh-flow-python,8000000,60,10056317,ns
zenoh-flow-python,8000000,60,13856334,ns
zenoh-flow-python,8000000,60,23537207,ns
zenoh-flow-python,8000000,60,14096508,ns
zenoh-flow-python,8000000,60,11772545,ns
zenoh-flow-python,8000000,60,36481084,ns
zenoh-flow-python,8000000,60,24515161,ns
zenoh-flow-python,8000000,60,8791030,ns
zenoh-flow-python,8000000,60,10580866,ns
zenoh-flow-python,8000000,60,36281910,ns
zenoh-flow-python,8000000,60,26663429,ns
zenoh-flow-python,8000000,60,9925045,ns
zenoh-flow-python,8000000,60,7793049,ns
zenoh-flow-python,8000000,60,19658493,ns
zenoh-flow-python,8000000,60,26561847,ns
zenoh-flow-python,8000000,60,12696081,ns
zenoh-flow-python,8000000,60,11772689,ns
zenoh-flow-python,8000000,60,12028266,ns
zenoh-flow-python,8000000,60,41320010,ns
zenoh-flow-python,8000000,60,7533834,ns
zenoh-flow-python,8000000,60,7042635,ns
zenoh-flow-python,8000000,60,11285233,ns
zenoh-flow-python,8000000,60,40784491,ns
zenoh-flow-python,8000000,60,26322281,ns
zenoh-flow-python,8000000,60,7190400,ns
zenoh-flow-python,8000000,60,6496290,ns
zenoh-flow-python,8000000,60,38221302,ns
zenoh-flow-python,8000000,60,20523854,ns
zenoh-flow-python,8000000,60,7587928,ns
zenoh-flow-python,8000000,60,6984435,ns
zenoh-flow-python,8000000,60,22613780,ns
zenoh-flow-python,8000000,60,24013633,ns
zenoh-flow-python,8000000,60,9228550,ns
zenoh-flow-python,8000000,60,18697433,ns
zenoh-flow-python,8000000,60,44477847,ns
zenoh-flow-python,8000000,60,18769259,ns
zenoh-flow-python,8000000,60,7045822,ns
zenoh-flow-python,8000000,60,13554645,ns
zenoh-flow-python,8000000,60,33233525,ns
zenoh-flow-python,8000000,60,27603413,ns
zenoh-flow-python,8000000,60,9854118,ns
zenoh-flow-python,8000000,60,11469666,ns
zenoh-flow-python,8000000,60,43119262,ns
zenoh-flow-python,8000000,60,21274490,ns
zenoh-flow-python,8000000,60,7666467,ns
zenoh-flow-python,8000000,60,9836588,ns
zenoh-flow-python,8000000,60,41452794,ns
zenoh-flow-python,8000000,60,16076141,ns
zenoh-flow-python,8000000,60,6715270,ns
zenoh-flow-python,8000000,60,6201310,ns
zenoh-flow-python,8000000,60,24931849,ns
zenoh-flow-python,8000000,60,25371112,ns
zenoh-flow-python,8000000,60,14510047,ns
zenoh-flow-python,8000000,60,9132759,ns
zenoh-flow-python,8000000,60,42700862,ns
zenoh-flow-python,8000000,60,22742258,ns
zenoh-flow-python,8000000,60,23130203,ns
zenoh-flow-python,8000000,60,8625822,ns
zenoh-flow-python,8000000,60,40143013,ns
zenoh-flow-python,8000000,60,22591515,ns
zenoh-flow-python,8000000,60,24890847,ns
zenoh-flow-python,8000000,60,15547039,ns
zenoh-flow-python,8000000,60,36369931,ns
zenoh-flow-python,8000000,60,21960811,ns
zenoh-flow-python,8000000,60,21376787,ns
zenoh-flow-python,8000000,60,21455827,ns
zenoh-flow-python,8000000,60,26038452,ns
zenoh-flow-python,8000000,60,22063990,ns
zenoh-flow-python,8000000,60,21442209,ns
zenoh-flow-python,8000000,60,21370554,ns
zenoh-flow-python,8000000,60,26007878,ns
zenoh-flow-python,8000000,60,22088619,ns
zenoh-flow-python,8000000,60,21307574,ns
zenoh-flow-python,8000000,60,21387552,ns
zenoh-flow-python,8000000,60,26074534,ns
zenoh-flow-python,8000000,60,22109208,ns
zenoh-flow-python,8000000,60,21297449,ns
zenoh-flow-python,8000000,60,34919738,ns
zenoh-flow-python,8000000,60,27929786,ns
zenoh-flow-python,8000000,60,23897456,ns
zenoh-flow-python,8000000,60,15873235,ns
zenoh-flow-python,8000000,60,16203667,ns
zenoh-flow-python,8000000,60,20854756,ns
zenoh-flow-python,8000000,60,18199137,ns
zenoh-flow-python,8000000,60,19789358,ns
zenoh-flow-python,8000000,60,23447505,ns
zenoh-flow-python,8000000,60,29858070,ns
zenoh-flow-python,8000000,60,21163751,ns
zenoh-flow-python,8000000,60,20603437,ns
zenoh-flow-python,8000000,60,22323870,ns
zenoh-flow-python,8000000,60,28280473,ns
zenoh-flow-python,8000000,60,23884993,ns
zenoh-flow-python,8000000,60,23240333,ns
zenoh-flow-python,8000000,60,23228895,ns
zenoh-flow-python,8000000,60,28237812,ns
zenoh-flow-python,8000000,60,16982387,ns
zenoh-flow-python,8000000,60,16963589,ns
zenoh-flow-python,8000000,60,17736689,ns
zenoh-flow-python,8000000,60,23511436,ns
zenoh-flow-python,8000000,60,20637130,ns
zenoh-flow-python,8000000,60,19844330,ns
zenoh-flow-python,8000000,60,21043208,ns
zenoh-flow-python,8000000,60,27094964,ns
zenoh-flow-python,8000000,60,22966677,ns
zenoh-flow-python,8000000,60,22121789,ns
zenoh-flow-python,8000000,60,22338551,ns
zenoh-flow-python,8000000,60,27094694,ns
zenoh-flow-python,8000000,60,16888319,ns
zenoh-flow-python,8000000,60,16079138,ns
zenoh-flow-python,8000000,60,18615649,ns
zenoh-flow-python,8000000,60,24909992,ns
zenoh-flow-python,8000000,60,21977512,ns
zenoh-flow-python,8000000,60,21290418,ns
zenoh-flow-python,8000000,60,23032328,ns
zenoh-flow-python,8000000,60,29639995,ns
zenoh-flow-python,8000000,60,24946511,ns
zenoh-flow-python,8000000,60,24151689,ns
zenoh-flow-python,8000000,60,24379081,ns
zenoh-flow-python,8000000,60,40235432,ns
zenoh-flow-python,8000000,60,20473403,ns
zenoh-flow-python,8000000,60,19969399,ns
zenoh-flow-python,8000000,60,21171785,ns
zenoh-flow-python,8000000,60,26992391,ns
zenoh-flow-python,8000000,60,22824632,ns
zenoh-flow-python,8000000,60,22228185,ns
zenoh-flow-python,8000000,60,22231675,ns
zenoh-flow-python,8000000,60,27003128,ns
zenoh-flow-python,8000000,60,16824540,ns
zenoh-flow-python,8000000,60,15661100,ns
zenoh-flow-python,8000000,60,17321122,ns
zenoh-flow-python,8000000,60,22943899,ns
zenoh-flow-python,8000000,60,20965107,ns
zenoh-flow-python,8000000,60,21322986,ns
zenoh-flow-python,8000000,60,22976414,ns
zenoh-flow-python,8000000,60,29648800,ns
zenoh-flow-python,8000000,60,21220736,ns
zenoh-flow-python,8000000,60,20522840,ns
zenoh-flow-python,8000000,60,22283418,ns
zenoh-flow-python,8000000,60,28354800,ns
zenoh-flow-python,8000000,60,23870721,ns
zenoh-flow-python,8000000,60,23196593,ns
zenoh-flow-python,8000000,60,23343385,ns
zenoh-flow-python,8000000,60,28222729,ns
zenoh-flow-python,8000000,60,23882015,ns
zenoh-flow-python,8000000,60,23245619,ns
zenoh-flow-python,8000000,60,23238156,ns
zenoh-flow-python,8000000,60,28226828,ns
zenoh-flow-python,8000000,60,23955597,ns
zenoh-flow-python,8000000,60,23135579,ns
zenoh-flow-python,8000000,60,23214004,ns
zenoh-flow-python,8000000,60,28349718,ns
zenoh-flow-python,8000000,60,24004035,ns
zenoh-flow-python,8000000,60,24277460,ns
zenoh-flow-python,8000000,60,22995548,ns
zenoh-flow-python,8000000,60,28414652,ns
zenoh-flow-python,8000000,60,20569130,ns
zenoh-flow-python,8000000,60,21123048,ns
zenoh-flow-python,8000000,60,22311464,ns
zenoh-flow-python,8000000,60,26986865,ns
zenoh-flow-python,8000000,60,19870583,ns
zenoh-flow-python,8000000,60,20559979,ns
zenoh-flow-python,8000000,60,23014514,ns
zenoh-flow-python,8000000,60,29545337,ns
zenoh-flow-python,8000000,60,25041440,ns
zenoh-flow-python,8000000,60,24180037,ns
zenoh-flow-python,8000000,60,24309384,ns
zenoh-flow-python,8000000,60,29228453,ns
zenoh-flow-python,8000000,60,21298122,ns
zenoh-flow-python,8000000,60,21818145,ns
zenoh-flow-python,8000000,60,25218853,ns
zenoh-flow-python,8000000,60,32282499,ns
zenoh-flow-python,8000000,60,22935978,ns
zenoh-flow-python,8000000,60,22096117,ns
zenoh-flow-python,8000000,60,22206576,ns
zenoh-flow-python,8000000,60,27151804,ns
zenoh-flow-python,8000000,60,22760882,ns
zenoh-flow-python,8000000,60,22049078,ns
zenoh-flow-python,8000000,60,24117180,ns
zenoh-flow-python,8000000,60,31085854,ns
zenoh-flow-python,8000000,60,31272299,ns
zenoh-flow-python,8000000,60,25792172,ns
zenoh-flow-python,8000000,60,25553466,ns
zenoh-flow-python,8000000,60,31015577,ns
zenoh-flow-python,8000000,60,26218048,ns
zenoh-flow-python,8000000,60,21734766,ns
zenoh-flow-python,8000000,60,21485891,ns
zenoh-flow-python,8000000,60,26052231,ns
zenoh-flow-python,8000000,60,26250648,ns
zenoh-flow-python,8000000,60,21738411,ns
zenoh-flow-python,8000000,60,23112129,ns
zenoh-flow-python,8000000,60,29662298,ns
zenoh-flow-python,8000000,60,29823142,ns
zenoh-flow-python,8000000,60,24664482,ns
zenoh-flow-python,8000000,60,24383979,ns
zenoh-flow-python,8000000,60,29639104,ns
zenoh-flow-python,8000000,60,29819941,ns
zenoh-flow-python,8000000,60,24250360,ns
zenoh-flow-python,8000000,60,24262020,ns
zenoh-flow-python,8000000,60,25091831,ns
zenoh-flow-python,8000000,60,25370554,ns
zenoh-flow-python,8000000,60,20950654,ns
zenoh-flow-python,8000000,60,22124613,ns
zenoh-flow-python,8000000,60,28342886,ns
zenoh-flow-python,8000000,60,28692262,ns
zenoh-flow-python,8000000,60,23613369,ns
zenoh-flow-python,8000000,60,35821732,ns
zenoh-flow-python,8000000,60,17472337,ns
zenoh-flow-python,8000000,60,29457606,ns
zenoh-flow-python,8000000,60,25815770,ns
zenoh-flow-python,8000000,60,31094355,ns
zenoh-flow-python,8000000,60,17096310,ns
zenoh-flow-python,8000000,60,18555248,ns
zenoh-flow-python,8000000,60,18396857,ns
zenoh-flow-python,8000000,60,25310496,ns
zenoh-flow-python,8000000,60,21842109,ns
zenoh-flow-python,8000000,60,28083592,ns
zenoh-flow-python,8000000,60,26426491,ns
zenoh-flow-python,8000000,60,29249823,ns
zenoh-flow-python,8000000,60,21070959,ns
zenoh-flow-python,8000000,60,26858145,ns
zenoh-flow-python,8000000,60,23725209,ns
zenoh-flow-python,8000000,60,28377891,ns
zenoh-flow-python,8000000,60,20378850,ns
zenoh-flow-python,8000000,60,25593572,ns
zenoh-flow-python,8000000,60,22682382,ns
zenoh-flow-python,8000000,60,27042841,ns
zenoh-flow-python,8000000,60,22675421,ns
zenoh-flow-python,8000000,60,26931015,ns
zenoh-flow-python,8000000,60,22688337,ns
zenoh-flow-python,8000000,60,27001545,ns
zenoh-flow-python,8000000,60,22795378,ns
zenoh-flow-python,8000000,60,26941011,ns
zenoh-flow-python,8000000,60,22573472,ns
zenoh-flow-python,8000000,60,27099421,ns
zenoh-flow-python,8000000,60,22790577,ns
zenoh-flow-python,8000000,60,26861402,ns
zenoh-flow-python,8000000,60,22602131,ns
zenoh-flow-python,8000000,60,27126907,ns
zenoh-flow-python,8000000,60,22675282,ns
zenoh-flow-python,8000000,60,26798144,ns
zenoh-flow-python,8000000,60,22687791,ns
zenoh-flow-python,8000000,60,27015261,ns
zenoh-flow-python,8000000,60,22689191,ns
zenoh-flow-python,8000000,60,26959007,ns
zenoh-flow-python,8000000,60,22646945,ns
zenoh-flow-python,8000000,60,26999842,ns
zenoh-flow-python,8000000,60,22814337,ns
zenoh-flow-python,8000000,60,26938488,ns
zenoh-flow-python,8000000,60,22581114,ns
zenoh-flow-python,8000000,60,27160788,ns
zenoh-flow-python,8000000,60,22767498,ns
zenoh-flow-python,8000000,60,26866071,ns
zenoh-flow-python,8000000,60,22581548,ns
zenoh-flow-python,8000000,60,27103370,ns
zenoh-flow-python,8000000,60,22773375,ns
zenoh-flow-python,8000000,60,26825224,ns
zenoh-flow-python,8000000,60,22716957,ns
zenoh-flow-python,8000000,60,27128770,ns
zenoh-flow-python,8000000,60,22680225,ns
zenoh-flow-python,8000000,60,26913796,ns
zenoh-flow-python,8000000,60,22681827,ns
zenoh-flow-python,8000000,60,27012549,ns
zenoh-flow-python,8000000,60,16659736,ns
zenoh-flow-python,8000000,60,19117742,ns
zenoh-flow-python,8000000,60,17648423,ns
zenoh-flow-python,8000000,60,41254557,ns
zenoh-flow-python,8000000,60,19737492,ns
zenoh-flow-python,8000000,60,26084106,ns
zenoh-flow-python,8000000,60,22561579,ns
zenoh-flow-python,8000000,60,29472684,ns
zenoh-flow-python,8000000,60,26066139,ns
zenoh-flow-python,8000000,60,30876851,ns
zenoh-flow-python,8000000,60,25811680,ns
zenoh-flow-python,8000000,60,30950560,ns
zenoh-flow-python,8000000,60,21940776,ns
zenoh-flow-python,8000000,60,18745702,ns
zenoh-flow-python,8000000,60,15398471,ns
zenoh-flow-python,8000000,60,20813641,ns
zenoh-flow-python,8000000,60,18065617,ns
zenoh-flow-python,8000000,60,22856050,ns
zenoh-flow-python,8000000,60,20032802,ns
zenoh-flow-python,8000000,60,23372273,ns
zenoh-flow-python,8000000,60,19653469,ns
zenoh-flow-python,8000000,60,23298657,ns
zenoh-flow-python,8000000,60,20725910,ns
zenoh-flow-python,8000000,60,25982863,ns
zenoh-flow-python,8000000,60,21884717,ns
zenoh-flow-python,8000000,60,25923735,ns
zenoh-flow-python,8000000,60,21777130,ns
zenoh-flow-python,8000000,60,28299843,ns
zenoh-flow-python,8000000,60,24901450,ns
zenoh-flow-python,8000000,60,29479706,ns
zenoh-flow-python,8000000,60,24883225,ns
zenoh-flow-python,8000000,60,24176020,ns
zenoh-flow-python,8000000,60,29543284,ns
zenoh-flow-python,8000000,60,29980154,ns
zenoh-flow-python,8000000,60,24883348,ns
zenoh-flow-python,8000000,60,24172553,ns
zenoh-flow-python,8000000,60,29519445,ns
zenoh-flow-python,8000000,60,29987774,ns
zenoh-flow-python,8000000,60,21023141,ns
zenoh-flow-python,8000000,60,20622423,ns
zenoh-flow-python,8000000,60,26985949,ns
zenoh-flow-python,8000000,60,28577400,ns
zenoh-flow-python,8000000,60,23677895,ns
zenoh-flow-python,8000000,60,23246686,ns
zenoh-flow-python,8000000,60,31175418,ns
zenoh-flow-python,8000000,60,32246544,ns
zenoh-flow-python,8000000,60,22394796,ns
zenoh-flow-python,8000000,60,22220512,ns
zenoh-flow-python,8000000,60,27024197,ns
zenoh-flow-python,8000000,60,27270543,ns
zenoh-flow-python,8000000,60,22779845,ns
zenoh-flow-python,8000000,60,22130386,ns
zenoh-flow-python,8000000,60,26982436,ns
zenoh-flow-python,8000000,60,19570880,ns
zenoh-flow-python,8000000,60,15411015,ns
zenoh-flow-python,8000000,60,17131240,ns
zenoh-flow-python,8000000,60,22942025,ns
zenoh-flow-python,8000000,60,25247429,ns
zenoh-flow-python,8000000,60,21845296,ns
zenoh-flow-python,8000000,60,21358297,ns
zenoh-flow-python,8000000,60,41307098,ns
zenoh-flow-python,8000000,60,21591327,ns
zenoh-flow-python,8000000,60,18028262,ns
zenoh-flow-python,8000000,60,18565871,ns
zenoh-flow-python,8000000,60,27582756,ns
zenoh-flow-python,8000000,60,29903021,ns
zenoh-flow-python,8000000,60,24254935,ns
zenoh-flow-python,8000000,60,24316946,ns
zenoh-flow-python,8000000,60,29532287,ns
zenoh-flow-python,8000000,60,25385968,ns
zenoh-flow-python,8000000,60,21213365,ns
zenoh-flow-python,8000000,60,20574281,ns
zenoh-flow-python,8000000,60,25004217,ns
zenoh-flow-python,8000000,60,25384457,ns
zenoh-flow-python,8000000,60,21091542,ns
zenoh-flow-python,8000000,60,22014197,ns
zenoh-flow-python,8000000,60,28352678,ns
zenoh-flow-python,8000000,60,28671336,ns
zenoh-flow-python,8000000,60,23676412,ns
zenoh-flow-python,8000000,60,34721941,ns
zenoh-flow-python,8000000,60,24651450,ns
zenoh-flow-python,8000000,60,25719750,ns
zenoh-flow-python,8000000,60,37090126,ns
zenoh-flow-python,8000000,60,20752821,ns
zenoh-flow-python,8000000,60,25070575,ns
zenoh-flow-python,8000000,60,18369378,ns
zenoh-flow-python,8000000,60,15814890,ns
zenoh-flow-python,8000000,60,18577948,ns
zenoh-flow-python,8000000,60,27565457,ns
zenoh-flow-python,8000000,60,29834488,ns
zenoh-flow-python,8000000,60,24913607,ns
zenoh-flow-python,8000000,60,24174325,ns
zenoh-flow-python,8000000,60,29640511,ns
zenoh-flow-python,8000000,60,19879639,ns
zenoh-flow-python,8000000,60,15900549,ns
zenoh-flow-python,8000000,60,17270735,ns
zenoh-flow-python,8000000,60,22533810,ns
zenoh-flow-python,8000000,60,25215899,ns
zenoh-flow-python,8000000,60,21819369,ns
zenoh-flow-python,8000000,60,22797482,ns
zenoh-flow-python,8000000,60,29653346,ns
zenoh-flow-python,8000000,60,29983044,ns
zenoh-flow-python,8000000,60,37818112,ns
zenoh-flow-python,8000000,60,23606657,ns
zenoh-flow-python,8000000,60,29626129,ns
zenoh-flow-python,8000000,60,29809546,ns
zenoh-flow-python,8000000,60,21079762,ns
zenoh-flow-python,8000000,60,22000878,ns
zenoh-flow-python,8000000,60,28351211,ns
zenoh-flow-python,8000000,60,28575123,ns
zenoh-flow-python,8000000,60,9026234,ns
zenoh-flow-python,8000000,60,34005530,ns
zenoh-flow-python,8000000,60,35107170,ns
zenoh-flow-python,8000000,60,25378551,ns
zenoh-flow-python,8000000,60,7300203,ns
zenoh-flow-python,8000000,60,16421664,ns
zenoh-flow-python,8000000,60,27781357,ns
zenoh-flow-python,8000000,60,28646735,ns
zenoh-flow-python,8000000,60,8894460,ns
zenoh-flow-python,8000000,60,34038232,ns
zenoh-flow-python,8000000,60,35284178,ns
zenoh-flow-python,8000000,60,25364003,ns
zenoh-flow-python,8000000,60,7299875,ns
zenoh-flow-python,8000000,60,16901770,ns
zenoh-flow-python,8000000,60,30377965,ns
zenoh-flow-python,8000000,60,32796660,ns
zenoh-flow-python,8000000,60,9999622,ns
zenoh-flow-python,8000000,60,37147916,ns
zenoh-flow-python,8000000,60,35877577,ns
zenoh-flow-python,8000000,60,29784838,ns
zenoh-flow-python,8000000,60,9330722,ns
zenoh-flow-python,8000000,60,30905889,ns
zenoh-flow-python,8000000,60,32127631,ns
zenoh-flow-python,8000000,60,27410942,ns
zenoh-flow-python,8000000,60,8649304,ns
zenoh-flow-python,8000000,60,30969194,ns
zenoh-flow-python,8000000,60,41695431,ns
zenoh-flow-python,8000000,60,22270137,ns
zenoh-flow-python,8000000,60,7301364,ns
zenoh-flow-python,8000000,60,25487881,ns
zenoh-flow-python,8000000,60,42543087,ns
zenoh-flow-python,8000000,60,26210105,ns
zenoh-flow-python,8000000,60,8021634,ns
zenoh-flow-python,8000000,60,28789362,ns
zenoh-flow-python,8000000,60,42174286,ns
zenoh-flow-python,8000000,60,25370382,ns
zenoh-flow-python,8000000,60,8196841,ns
zenoh-flow-python,8000000,60,23666838,ns
zenoh-flow-python,8000000,60,36792475,ns
zenoh-flow-python,8000000,60,22622118,ns
zenoh-flow-python,8000000,60,7705196,ns
zenoh-flow-python,8000000,60,23028859,ns
zenoh-flow-python,8000000,60,18706176,ns
zenoh-flow-python,8000000,60,18294202,ns
zenoh-flow-python,8000000,60,7029473,ns
zenoh-flow-python,8000000,60,21406530,ns
zenoh-flow-python,8000000,60,42391078,ns
zenoh-flow-python,8000000,60,25346050,ns
zenoh-flow-python,8000000,60,8105094,ns
zenoh-flow-python,8000000,60,21983919,ns
zenoh-flow-python,8000000,60,28223996,ns
zenoh-flow-python,8000000,60,18687288,ns
zenoh-flow-python,8000000,60,6938160,ns
zenoh-flow-python,8000000,60,18711197,ns
zenoh-flow-python,8000000,60,37637183,ns
zenoh-flow-python,8000000,60,27255010,ns
zenoh-flow-python,8000000,60,8649013,ns
zenoh-flow-python,8000000,60,36726985,ns
zenoh-flow-python,8000000,60,36552570,ns
zenoh-flow-python,8000000,60,26305382,ns
zenoh-flow-python,8000000,60,8374600,ns
zenoh-flow-python,8000000,60,34407986,ns
zenoh-flow-python,8000000,60,35212779,ns
zenoh-flow-python,8000000,60,25355669,ns
zenoh-flow-python,8000000,60,8112728,ns
zenoh-flow-python,8000000,60,33236985,ns
zenoh-flow-python,8000000,60,41987631,ns
zenoh-flow-python,8000000,60,22192618,ns
zenoh-flow-python,8000000,60,7476788,ns
zenoh-flow-python,8000000,60,25669216,ns
zenoh-flow-python,8000000,60,39341864,ns
zenoh-flow-python,8000000,60,20351435,ns
zenoh-flow-python,8000000,60,7571980,ns
zenoh-flow-python,8000000,60,32928304,ns
zenoh-flow-python,8000000,60,25598990,ns
zenoh-flow-python,8000000,60,16366629,ns
zenoh-flow-python,8000000,60,6689929,ns
zenoh-flow-python,8000000,60,24726022,ns
zenoh-flow-python,8000000,60,34370844,ns
zenoh-flow-python,8000000,60,24628524,ns
zenoh-flow-python,8000000,60,7486846,ns
zenoh-flow-python,8000000,60,19619092,ns
zenoh-flow-python,8000000,60,28272005,ns
zenoh-flow-python,8000000,60,24760929,ns
zenoh-flow-python,8000000,60,8732877,ns
zenoh-flow-python,8000000,60,41250646,ns
zenoh-flow-python,8000000,60,32799496,ns
zenoh-flow-python,8000000,60,23602804,ns
zenoh-flow-python,8000000,60,8445840,ns
zenoh-flow-python,8000000,60,42157407,ns
zenoh-flow-python,8000000,60,33310330,ns
zenoh-flow-python,8000000,60,23806532,ns
zenoh-flow-python,8000000,60,8586050,ns
zenoh-flow-python,8000000,60,40199233,ns
zenoh-flow-python,8000000,60,32630582,ns
zenoh-flow-python,8000000,60,23609135,ns
zenoh-flow-python,8000000,60,8590163,ns
zenoh-flow-python,8000000,60,42106043,ns
zenoh-flow-python,8000000,60,33175637,ns
zenoh-flow-python,8000000,60,28675366,ns
zenoh-flow-python,8000000,60,10018989,ns
zenoh-flow-python,8000000,60,42475513,ns
zenoh-flow-python,8000000,60,25554764,ns
zenoh-flow-python,8000000,60,20950045,ns
zenoh-flow-python,8000000,60,7794100,ns
zenoh-flow-python,8000000,60,40054672,ns
zenoh-flow-python,8000000,60,33341843,ns
zenoh-flow-python,8000000,60,28583401,ns
zenoh-flow-python,8000000,60,7890415,ns
zenoh-flow-python,8000000,60,20924578,ns
zenoh-flow-python,8000000,60,42752966,ns
zenoh-flow-python,8000000,60,18553055,ns
zenoh-flow-python,8000000,60,7125174,ns
zenoh-flow-python,8000000,60,37982074,ns
zenoh-flow-python,8000000,60,38982015,ns
zenoh-flow-python,8000000,60,22557370,ns
zenoh-flow-python,8000000,60,8098316,ns
zenoh-flow-python,8000000,60,41351451,ns
zenoh-flow-python,8000000,60,33203456,ns
zenoh-flow-python,8000000,60,28766860,ns
zenoh-flow-python,8000000,60,10024778,ns
zenoh-flow-python,8000000,60,33982038,ns
zenoh-flow-python,8000000,60,22090650,ns
zenoh-flow-python,8000000,60,16084379,ns
zenoh-flow-python,8000000,60,6728417,ns
zenoh-flow-python,8000000,60,26489391,ns
zenoh-flow-python,8000000,60,36635998,ns
zenoh-flow-python,8000000,60,22065154,ns
zenoh-flow-python,8000000,60,8184553,ns
zenoh-flow-python,8000000,60,41064538,ns
zenoh-flow-python,8000000,60,27462349,ns
zenoh-flow-python,8000000,60,23722988,ns
zenoh-flow-python,8000000,60,8467841,ns
zenoh-flow-python,8000000,60,40286359,ns
zenoh-flow-python,8000000,60,25563899,ns
zenoh-flow-python,8000000,60,20952976,ns
zenoh-flow-python,8000000,60,7666301,ns
zenoh-flow-python,8000000,60,19316767,ns
zenoh-flow-python,8000000,60,19726348,ns
zenoh-flow-python,8000000,60,17511531,ns
zenoh-flow-python,8000000,60,7115044,ns
zenoh-flow-python,8000000,60,31601105,ns
zenoh-flow-python,8000000,60,31466626,ns
zenoh-flow-python,8000000,60,27212639,ns
zenoh-flow-python,8000000,60,9578577,ns
zenoh-flow-python,8000000,60,36358161,ns
zenoh-flow-python,8000000,60,29639217,ns
zenoh-flow-python,8000000,60,24633851,ns
zenoh-flow-python,8000000,60,8719373,ns
zenoh-flow-python,8000000,60,26482009,ns
zenoh-flow-python,8000000,60,28234676,ns
zenoh-flow-python,8000000,60,20323845,ns
zenoh-flow-python,8000000,60,7552375,ns
zenoh-flow-python,8000000,60,27918319,ns
zenoh-flow-python,8000000,60,33117340,ns
zenoh-flow-python,8000000,60,23021125,ns
zenoh-flow-python,8000000,60,8453677,ns
zenoh-flow-python,8000000,60,35856437,ns
zenoh-flow-python,8000000,60,35447337,ns
zenoh-flow-python,8000000,60,15952440,ns
zenoh-flow-python,8000000,60,6712975,ns
zenoh-flow-python,8000000,60,21640140,ns
zenoh-flow-python,8000000,60,37544144,ns
zenoh-flow-python,8000000,60,19698138,ns
zenoh-flow-python,8000000,60,7424229,ns
zenoh-flow-python,8000000,60,29079825,ns
zenoh-flow-python,8000000,60,41999431,ns
zenoh-flow-python,8000000,60,18545107,ns
zenoh-flow-python,8000000,60,7267451,ns
zenoh-flow-python,8000000,60,31131107,ns
zenoh-flow-python,8000000,60,43665176,ns
zenoh-flow-python,8000000,60,21048932,ns
zenoh-flow-python,8000000,60,7701837,ns
zenoh-flow-python,8000000,60,34382425,ns
zenoh-flow-python,8000000,60,29670604,ns
zenoh-flow-python,8000000,60,24632982,ns
zenoh-flow-python,8000000,60,7727571,ns
zenoh-flow-python,8000000,60,16404786,ns
zenoh-flow-python,8000000,60,25398618,ns
zenoh-flow-python,8000000,60,16602220,ns
zenoh-flow-python,8000000,60,6563181,ns
zenoh-flow-python,8000000,60,19921403,ns
zenoh-flow-python,8000000,60,32828208,ns
zenoh-flow-python,8000000,60,23723906,ns
zenoh-flow-python,8000000,60,8532502,ns
zenoh-flow-python,8000000,60,35839675,ns
zenoh-flow-python,8000000,60,40375377,ns
zenoh-flow-python,8000000,60,23773870,ns
zenoh-flow-python,8000000,60,8583474,ns
zenoh-flow-python,8000000,60,34468637,ns
zenoh-flow-python,8000000,60,29599767,ns
zenoh-flow-python,8000000,60,24774510,ns
zenoh-flow-python,8000000,60,8717836,ns
zenoh-flow-python,8000000,60,35522334,ns
zenoh-flow-python,8000000,60,35743362,ns
zenoh-flow-python,8000000,60,21047179,ns
zenoh-flow-python,8000000,60,7341944,ns
zenoh-flow-python,8000000,60,19206914,ns
zenoh-flow-python,8000000,60,36348944,ns
zenoh-flow-python,8000000,60,22551603,ns
zenoh-flow-python,8000000,60,8094970,ns
zenoh-flow-python,8000000,60,35703589,ns
zenoh-flow-python,8000000,60,39987359,ns
zenoh-flow-python,8000000,60,20241017,ns
zenoh-flow-python,8000000,60,7602013,ns
zenoh-flow-python,8000000,60,31391832,ns
zenoh-flow-python,8000000,60,43322755,ns
zenoh-flow-python,8000000,60,20955195,ns
zenoh-flow-python,8000000,60,7763261,ns
zenoh-flow-python,8000000,60,25475207,ns
zenoh-flow-python,8000000,60,17664400,ns
zenoh-flow-python,8000000,60,15658563,ns
zenoh-flow-python,8000000,60,6748963,ns
zenoh-flow-python,8000000,60,20554414,ns
zenoh-flow-python,8000000,60,34516477,ns
zenoh-flow-python,8000000,60,20476779,ns
zenoh-flow-python,8000000,60,7668614,ns
zenoh-flow-python,8000000,60,35693586,ns
zenoh-flow-python,8000000,60,40158842,ns
zenoh-flow-python,8000000,60,20449576,ns
zenoh-flow-python,8000000,60,21204200,ns
zenoh-flow-python,8000000,60,7527189,ns
zenoh-flow-python,8000000,60,21444294,ns
zenoh-flow-python,8000000,60,23388272,ns
zenoh-flow-python,8000000,60,24106215,ns
zenoh-flow-python,8000000,60,8720369,ns
zenoh-flow-python,8000000,60,41471711,ns
zenoh-flow-python,8000000,60,27245664,ns
zenoh-flow-python,8000000,60,28006328,ns
zenoh-flow-python,8000000,60,9996921,ns
zenoh-flow-python,8000000,60,37949016,ns
zenoh-flow-python,8000000,60,18099654,ns
zenoh-flow-python,8000000,60,14999252,ns
zenoh-flow-python,8000000,60,6679108,ns
zenoh-flow-python,8000000,60,27178862,ns
zenoh-flow-python,8000000,60,27590478,ns
zenoh-flow-python,8000000,60,27623377,ns
zenoh-flow-python,8000000,60,9884899,ns
zenoh-flow-python,8000000,60,40645628,ns
zenoh-flow-python,8000000,60,16418513,ns
zenoh-flow-python,8000000,60,16532374,ns
zenoh-flow-python,8000000,60,7137486,ns
zenoh-flow-python,8000000,60,31786219,ns
zenoh-flow-python,8000000,60,26184960,ns
zenoh-flow-python,8000000,60,26522888,ns
zenoh-flow-python,8000000,60,9592209,ns
zenoh-flow-python,8000000,60,19967887,ns
zenoh-flow-python,8000000,60,17425649,ns
zenoh-flow-python,8000000,60,20426600,ns
zenoh-flow-python,8000000,60,8179201,ns
zenoh-flow-python,8000000,60,38108902,ns
zenoh-flow-python,8000000,60,25735357,ns
zenoh-flow-python,8000000,60,26701613,ns
zenoh-flow-python,8000000,60,9601562,ns
zenoh-flow-python,8000000,60,43074393,ns
zenoh-flow-python,8000000,60,21177260,ns
zenoh-flow-python,8000000,60,22082864,ns
zenoh-flow-python,8000000,60,8451032,ns
zenoh-flow-python,8000000,60,19728708,ns
zenoh-flow-python,8000000,60,16898276,ns
zenoh-flow-python,8000000,60,18518533,ns
zenoh-flow-python,8000000,60,7695592,ns
zenoh-flow-python,8000000,60,37673143,ns
zenoh-flow-python,8000000,60,21477767,ns
zenoh-flow-python,8000000,60,24059064,ns
zenoh-flow-python,8000000,60,9228447,ns
zenoh-flow-python,8000000,60,41206882,ns
zenoh-flow-python,8000000,60,8225660,ns
zenoh-flow-python,8000000,60,16052964,ns
zenoh-flow-python,8000000,60,17946005,ns
zenoh-flow-python,8000000,60,27538637,ns
zenoh-flow-python,8000000,60,9232790,ns
zenoh-flow-python,8000000,60,34879356,ns
zenoh-flow-python,8000000,60,23606811,ns
zenoh-flow-python,8000000,60,39773548,ns
zenoh-flow-python,8000000,60,7961165,ns
zenoh-flow-python,8000000,60,22757314,ns
zenoh-flow-python,8000000,60,33956135,ns
zenoh-flow-python,8000000,60,33627898,ns
zenoh-flow-python,8000000,60,8913483,ns
zenoh-flow-python,8000000,60,33556354,ns
zenoh-flow-python,8000000,60,17699470,ns
zenoh-flow-python,8000000,60,18816868,ns
zenoh-flow-python,8000000,60,7262020,ns
zenoh-flow-python,8000000,60,24858293,ns
zenoh-flow-python,8000000,60,36032523,ns
zenoh-flow-python,8000000,60,35619923,ns
zenoh-flow-python,8000000,60,9238196,ns
zenoh-flow-python,8000000,60,30587075,ns
zenoh-flow-python,8000000,60,29751311,ns
zenoh-flow-python,8000000,60,31104672,ns
zenoh-flow-python,8000000,60,8380350,ns
zenoh-flow-python,8000000,60,25765808,ns
zenoh-flow-python,8000000,60,36228200,ns
zenoh-flow-python,8000000,60,35507650,ns
zenoh-flow-python,8000000,60,7863535,ns
zenoh-flow-python,8000000,60,28532975,ns
zenoh-flow-python,8000000,60,30855525,ns
zenoh-flow-python,8000000,60,37809996,ns
zenoh-flow-python,8000000,60,8091606,ns
zenoh-flow-python,8000000,60,31045996,ns
zenoh-flow-python,8000000,60,32844102,ns
zenoh-flow-python,8000000,60,19373555,ns
zenoh-flow-python,8000000,60,6916592,ns
zenoh-flow-python,8000000,60,23993443,ns
zenoh-flow-python,8000000,60,28092771,ns
zenoh-flow-python,8000000,60,36132512,ns
zenoh-flow-python,8000000,60,8829872,ns
zenoh-flow-python,8000000,60,36333360,ns
zenoh-flow-python,8000000,60,24549474,ns
zenoh-flow-python,8000000,60,31024987,ns
zenoh-flow-python,8000000,60,8334676,ns
zenoh-flow-python,8000000,60,35976043,ns
zenoh-flow-python,8000000,60,30936215,ns
zenoh-flow-python,8000000,60,38109729,ns
zenoh-flow-python,8000000,60,7927110,ns
zenoh-flow-python,8000000,60,18466444,ns
zenoh-flow-python,8000000,60,21958017,ns
zenoh-flow-python,8000000,60,28253956,ns
zenoh-flow-python,8000000,60,8928324,ns
zenoh-flow-python,8000000,60,39986454,ns
zenoh-flow-python,8000000,60,21074971,ns
zenoh-flow-python,8000000,60,27025271,ns
zenoh-flow-python,8000000,60,8972485,ns
zenoh-flow-python,8000000,60,40348685,ns
zenoh-flow-python,8000000,60,27133917,ns
zenoh-flow-python,8000000,60,19733680,ns
zenoh-flow-python,8000000,60,6941750,ns
zenoh-flow-python,8000000,60,25082192,ns
zenoh-flow-python,8000000,60,29502747,ns
zenoh-flow-python,8000000,60,37402702,ns
zenoh-flow-python,8000000,60,8403935,ns
zenoh-flow-python,8000000,60,25506106,ns
zenoh-flow-python,8000000,60,21816467,ns
zenoh-flow-python,8000000,60,26066057,ns
zenoh-flow-python,8000000,60,8320409,ns
zenoh-flow-python,8000000,60,36274140,ns
zenoh-flow-python,8000000,60,24810626,ns
zenoh-flow-python,8000000,60,18633788,ns
zenoh-flow-python,8000000,60,6876967,ns
zenoh-flow-python,8000000,60,23717178,ns
zenoh-flow-python,8000000,60,24221534,ns
zenoh-flow-python,8000000,60,29529455,ns
zenoh-flow-python,8000000,60,9242812,ns
zenoh-flow-python,8000000,60,40482972,ns
zenoh-flow-python,8000000,60,21106174,ns
zenoh-flow-python,8000000,60,26944512,ns
zenoh-flow-python,8000000,60,9031790,ns
zenoh-flow-python,8000000,60,40091364,ns
zenoh-flow-python,8000000,60,22398295,ns
zenoh-flow-python,8000000,60,28349000,ns
zenoh-flow-python,8000000,60,9003705,ns
zenoh-flow-python,8000000,60,18913983,ns
zenoh-flow-python,8000000,60,16496943,ns
zenoh-flow-python,8000000,60,21860625,ns
zenoh-flow-python,8000000,60,7755820,ns
zenoh-flow-python,8000000,60,27624049,ns
zenoh-flow-python,8000000,60,22345203,ns
zenoh-flow-python,8000000,60,28262802,ns
zenoh-flow-python,8000000,60,8890416,ns
zenoh-flow-python,8000000,60,42553017,ns
zenoh-flow-python,8000000,60,27130697,ns
zenoh-flow-python,8000000,60,34271641,ns
zenoh-flow-python,8000000,60,9036946,ns
zenoh-flow-python,8000000,60,18569981,ns
zenoh-flow-python,8000000,60,16873852,ns
zenoh-flow-python,8000000,60,22626786,ns
zenoh-flow-python,8000000,60,8029573,ns
zenoh-flow-python,8000000,60,32970869,ns
zenoh-flow-python,8000000,60,24794575,ns
zenoh-flow-python,8000000,60,8832587,ns
zenoh-flow-python,8000000,60,36382732,ns
zenoh-flow-python,8000000,60,23692012,ns
zenoh-flow-python,8000000,60,19793769,ns
zenoh-flow-python,8000000,60,6892363,ns
zenoh-flow-python,8000000,60,20832249,ns
zenoh-flow-python,8000000,60,32307599,ns
zenoh-flow-python,8000000,60,28762133,ns
zenoh-flow-python,8000000,60,9870986,ns
zenoh-flow-python,8000000,60,40432973,ns
zenoh-flow-python,8000000,60,25275107,ns
zenoh-flow-python,8000000,60,21057946,ns
zenoh-flow-python,8000000,60,7769907,ns
zenoh-flow-python,8000000,60,18911993,ns
zenoh-flow-python,8000000,60,19585644,ns
zenoh-flow-python,8000000,60,17637807,ns
zenoh-flow-python,8000000,60,7059469,ns
zenoh-flow-python,8000000,60,36320127,ns
zenoh-flow-python,8000000,60,29873208,ns
zenoh-flow-python,8000000,60,26059462,ns
zenoh-flow-python,8000000,60,9045574,ns
zenoh-flow-python,8000000,60,19216809,ns
zenoh-flow-python,8000000,60,20663496,ns
zenoh-flow-python,8000000,60,18194222,ns
zenoh-flow-python,8000000,60,7367694,ns
zenoh-flow-python,8000000,60,40891888,ns
zenoh-flow-python,8000000,60,22187664,ns
zenoh-flow-python,8000000,60,38712026,ns
zenoh-flow-python,8000000,60,8759490,ns
zenoh-flow-python,8000000,60,31814313,ns
zenoh-flow-python,8000000,60,31313482,ns
zenoh-flow-python,8000000,60,26553036,ns
zenoh-flow-python,8000000,60,9600549,ns
zenoh-flow-python,8000000,60,41102205,ns
zenoh-flow-python,8000000,60,27250122,ns
zenoh-flow-python,8000000,60,16584417,ns
zenoh-flow-python,8000000,60,6534390,ns
zenoh-flow-python,8000000,60,23658390,ns
zenoh-flow-python,8000000,60,33178108,ns
zenoh-flow-python,8000000,60,23708740,ns
zenoh-flow-python,8000000,60,8437979,ns
zenoh-flow-python,8000000,60,42019761,ns
zenoh-flow-python,8000000,60,27348711,ns
zenoh-flow-python,8000000,60,23720044,ns
zenoh-flow-python,8000000,60,7975261,ns
zenoh-flow-python,8000000,60,20253871,ns
zenoh-flow-python,8000000,60,27945932,ns
zenoh-flow-python,8000000,60,23678807,ns
zenoh-flow-python,8000000,60,8556415,ns
zenoh-flow-python,8000000,60,41395609,ns
zenoh-flow-python,8000000,60,27202226,ns
zenoh-flow-python,8000000,60,23818524,ns
zenoh-flow-python,8000000,60,8558720,ns
zenoh-flow-python,8000000,60,41879240,ns
zenoh-flow-python,8000000,60,44150549,ns
zenoh-flow-python,8000000,60,21050440,ns
zenoh-flow-python,8000000,60,7772047,ns
zenoh-flow-python,8000000,60,41764721,ns
zenoh-flow-python,8000000,60,33070623,ns
zenoh-flow-python,8000000,60,27975163,ns
zenoh-flow-python,8000000,60,9860484,ns
zenoh-flow-python,8000000,60,34766983,ns
zenoh-flow-python,8000000,60,18563940,ns
zenoh-flow-python,8000000,60,15339716,ns
zenoh-flow-python,8000000,60,6877719,ns
zenoh-flow-python,8000000,60,26257953,ns
zenoh-flow-python,8000000,60,33216126,ns
zenoh-flow-python,8000000,60,23672926,ns
zenoh-flow-python,8000000,60,8550480,ns
zenoh-flow-python,8000000,60,41975845,ns
zenoh-flow-python,8000000,60,27165691,ns
zenoh-flow-python,8000000,60,23812620,ns
zenoh-flow-python,8000000,60,8508576,ns
zenoh-flow-python,8000000,60,40063268,ns
zenoh-flow-python,8000000,60,18577160,ns
zenoh-flow-python,8000000,60,15429024,ns
zenoh-flow-python,8000000,60,6863296,ns
zenoh-flow-python,8000000,60,31519833,ns
zenoh-flow-python,8000000,60,28678097,ns
zenoh-flow-python,8000000,60,23733864,ns
zenoh-flow-python,8000000,60,8439769,ns
zenoh-flow-python,8000000,60,19035801,ns
zenoh-flow-python,8000000,60,20609604,ns
zenoh-flow-python,8000000,60,18724255,ns
zenoh-flow-python,8000000,60,8005762,ns
zenoh-flow-python,8000000,60,24665663,ns
zenoh-flow-python,8000000,60,24573443,ns
zenoh-flow-python,8000000,60,16445260,ns
zenoh-flow-python,8000000,60,6652405,ns
zenoh-flow-python,8000000,60,27012185,ns
zenoh-flow-python,8000000,60,33348213,ns
zenoh-flow-python,8000000,60,23792995,ns
zenoh-flow-python,8000000,60,8484378,ns
zenoh-flow-python,8000000,60,40274211,ns
zenoh-flow-python,8000000,60,25401382,ns
zenoh-flow-python,8000000,60,16168570,ns
zenoh-flow-python,8000000,60,6690676,ns
zenoh-flow-python,8000000,60,26873587,ns
zenoh-flow-python,8000000,60,37766043,ns
zenoh-flow-python,8000000,60,22792400,ns
zenoh-flow-python,8000000,60,8171344,ns
zenoh-flow-python,8000000,60,41398199,ns
zenoh-flow-python,8000000,60,27336993,ns
zenoh-flow-python,8000000,60,23725659,ns
zenoh-flow-python,8000000,60,8547080,ns
zenoh-flow-python,8000000,60,41956037,ns
zenoh-flow-python,8000000,60,25372632,ns
zenoh-flow-python,8000000,60,16238984,ns
zenoh-flow-python,8000000,60,6651083,ns
zenoh-flow-python,8000000,60,26575149,ns
zenoh-flow-python,8000000,60,37929128,ns
zenoh-flow-python,8000000,60,22694344,ns
zenoh-flow-python,8000000,60,8123463,ns
zenoh-flow-python,8000000,60,41457418,ns
zenoh-flow-python,8000000,60,29874710,ns
zenoh-flow-python,8000000,60,24881264,ns
zenoh-flow-python,8000000,60,8801672,ns
zenoh-flow-python,8000000,60,41004520,ns
zenoh-flow-python,8000000,60,27239606,ns
zenoh-flow-python,8000000,60,23802219,ns
zenoh-flow-python,8000000,60,8528802,ns
zenoh-flow-python,8000000,60,30216310,ns
zenoh-flow-python,8000000,60,25103287,ns
zenoh-flow-python,8000000,60,16465125,ns
zenoh-flow-python,8000000,60,6807953,ns
zenoh-flow-python,8000000,60,28813051,ns
zenoh-flow-python,8000000,60,34687225,ns
zenoh-flow-python,8000000,60,21133496,ns
zenoh-flow-python,8000000,60,7734651,ns
zenoh-flow-python,8000000,60,40442039,ns
zenoh-flow-python,8000000,60,29921131,ns
zenoh-flow-python,8000000,60,24862650,ns
zenoh-flow-python,8000000,60,8730688,ns
zenoh-flow-python,8000000,60,40781217,ns
zenoh-flow-python,8000000,60,29973158,ns
zenoh-flow-python,8000000,60,29638884,ns
zenoh-flow-python,8000000,60,8150512,ns
zenoh-flow-python,8000000,60,24698046,ns
zenoh-flow-python,8000000,60,35789023,ns
zenoh-flow-python,8000000,60,19512985,ns
zenoh-flow-python,8000000,60,6823060,ns
zenoh-flow-python,8000000,60,19335370,ns
zenoh-flow-python,8000000,60,35992862,ns
zenoh-flow-python,8000000,60,29571091,ns
zenoh-flow-python,8000000,60,8509963,ns
zenoh-flow-python,8000000,60,35213882,ns
zenoh-flow-python,8000000,60,29416266,ns
zenoh-flow-python,8000000,60,30084921,ns
zenoh-flow-python,8000000,60,9221139,ns
zenoh-flow-python,8000000,60,34322522,ns
zenoh-flow-python,8000000,60,35123872,ns
zenoh-flow-python,8000000,60,25427318,ns
zenoh-flow-python,8000000,60,8197236,ns
zenoh-flow-python,8000000,60,15745907,ns
zenoh-flow-python,8000000,60,20733344,ns
zenoh-flow-python,8000000,60,21739345,ns
zenoh-flow-python,8000000,60,7462298,ns
zenoh-flow-python,8000000,60,28699324,ns
zenoh-flow-python,8000000,60,42286819,ns
zenoh-flow-python,8000000,60,25454535,ns
zenoh-flow-python,8000000,60,8207108,ns
zenoh-flow-python,8000000,60,24820908,ns
zenoh-flow-python,8000000,60,36193835,ns
zenoh-flow-python,8000000,60,31473409,ns
zenoh-flow-python,8000000,60,9717846,ns
zenoh-flow-python,8000000,60,35092300,ns
zenoh-flow-python,8000000,60,40194794,ns
zenoh-flow-python,8000000,60,28816024,ns
zenoh-flow-python,8000000,60,8179077,ns
zenoh-flow-python,8000000,60,16790955,ns
zenoh-flow-python,8000000,60,37385234,ns
zenoh-flow-python,8000000,60,27585799,ns
zenoh-flow-python,8000000,60,8542873,ns
zenoh-flow-python,8000000,60,30908359,ns
zenoh-flow-python,8000000,60,43510832,ns
zenoh-flow-python,8000000,60,25579141,ns
zenoh-flow-python,8000000,60,8140890,ns
zenoh-flow-python,8000000,60,33552981,ns
zenoh-flow-python,8000000,60,40264348,ns
zenoh-flow-python,8000000,60,28342232,ns
zenoh-flow-python,8000000,60,8906192,ns
zenoh-flow-python,8000000,60,29209636,ns
zenoh-flow-python,8000000,60,30638054,ns
zenoh-flow-python,8000000,60,19286366,ns
zenoh-flow-python,8000000,60,6913335,ns
zenoh-flow-python,8000000,60,17070568,ns
zenoh-flow-python,8000000,60,30846308,ns
zenoh-flow-python,8000000,60,32962741,ns
zenoh-flow-python,8000000,60,8647976,ns
zenoh-flow-python,8000000,60,27340950,ns
zenoh-flow-python,8000000,60,39524202,ns
zenoh-flow-python,8000000,60,24649287,ns
zenoh-flow-python,8000000,60,7987269,ns
zenoh-flow-python,8000000,60,32115459,ns
zenoh-flow-python,8000000,60,37995832,ns
zenoh-flow-python,8000000,60,27520444,ns
zenoh-flow-python,8000000,60,8562421,ns
zenoh-flow-python,8000000,60,16108644,ns
zenoh-flow-python,8000000,60,21422939,ns
zenoh-flow-python,8000000,60,23570044,ns
zenoh-flow-python,8000000,60,7937199,ns
zenoh-flow-python,8000000,60,25628349,ns
zenoh-flow-python,8000000,60,39736242,ns
zenoh-flow-python,8000000,60,24429384,ns
zenoh-flow-python,8000000,60,7968673,ns
zenoh-flow-python,8000000,60,26496405,ns
zenoh-flow-python,8000000,60,42292185,ns
zenoh-flow-python,8000000,60,25546060,ns
zenoh-flow-python,8000000,60,8089990,ns
zenoh-flow-python,8000000,60,27216060,ns
zenoh-flow-python,8000000,60,42924263,ns
zenoh-flow-python,8000000,60,25433057,ns
zenoh-flow-python,8000000,60,8117446,ns
zenoh-flow-python,8000000,60,27222600,ns
zenoh-flow-python,8000000,60,40941891,ns
zenoh-flow-python,8000000,60,25427530,ns
zenoh-flow-python,8000000,60,8201790,ns
zenoh-flow-python,8000000,60,28945240,ns
zenoh-flow-python,8000000,60,36419121,ns
zenoh-flow-python,8000000,60,19341698,ns
zenoh-flow-python,8000000,60,7003952,ns
zenoh-flow-python,8000000,60,14665747,ns
zenoh-flow-python,8000000,60,27922140,ns
zenoh-flow-python,8000000,60,30033813,ns
zenoh-flow-python,8000000,60,8219927,ns
zenoh-flow-python,8000000,60,19445126,ns
zenoh-flow-python,8000000,60,18222313,ns
zenoh-flow-python,8000000,60,19581693,ns
zenoh-flow-python,8000000,60,7219768,ns
zenoh-flow-python,8000000,60,28579212,ns
zenoh-flow-python,8000000,60,41385616,ns
zenoh-flow-python,8000000,60,22341266,ns
zenoh-flow-python,8000000,60,7502847,ns
zenoh-flow-python,8000000,60,26907559,ns
zenoh-flow-python,8000000,60,39128884,ns
zenoh-flow-python,8000000,60,24530828,ns
zenoh-flow-python,8000000,60,8032112,ns
zenoh-flow-python,8000000,60,31135747,ns
zenoh-flow-python,8000000,60,39788125,ns
zenoh-flow-python,8000000,60,24663538,ns
zenoh-flow-python,8000000,60,8010901,ns
zenoh-flow-python,8000000,60,31519427,ns
zenoh-flow-python,8000000,60,38439385,ns
zenoh-flow-python,8000000,60,21688041,ns
zenoh-flow-python,8000000,60,7470182,ns
zenoh-flow-python,8000000,60,24566694,ns
zenoh-flow-python,8000000,60,42021279,ns
zenoh-flow-python,8000000,60,22410797,ns
zenoh-flow-python,8000000,60,7506943,ns
zenoh-flow-python,8000000,60,25496973,ns
zenoh-flow-python,8000000,60,39320776,ns
zenoh-flow-python,8000000,60,24697264,ns
zenoh-flow-python,8000000,60,7969696,ns
zenoh-flow-python,8000000,60,32026576,ns
zenoh-flow-python,8000000,60,33904216,ns
zenoh-flow-python,8000000,60,18800364,ns
zenoh-flow-python,8000000,60,6951748,ns
zenoh-flow-python,8000000,60,20899181,ns
zenoh-flow-python,8000000,60,37497281,ns
zenoh-flow-python,8000000,60,23277367,ns
zenoh-flow-python,8000000,60,7850516,ns
zenoh-flow-python,8000000,60,24368955,ns
zenoh-flow-python,8000000,60,34372635,ns
zenoh-flow-python,8000000,60,28636291,ns
zenoh-flow-python,8000000,60,8001848,ns
zenoh-flow-python,8000000,60,22619877,ns
zenoh-flow-python,8000000,60,42374550,ns
zenoh-flow-python,8000000,60,25540881,ns
zenoh-flow-python,8000000,60,7808706,ns
zenoh-flow-python,8000000,60,27205304,ns
zenoh-flow-python,8000000,60,40996564,ns
zenoh-flow-python,8000000,60,25407385,ns
zenoh-flow-python,8000000,60,8138722,ns
zenoh-flow-python,8000000,60,15626481,ns
zenoh-flow-python,8000000,60,20007975,ns
zenoh-flow-python,8000000,60,22814721,ns
zenoh-flow-python,8000000,60,7812675,ns
zenoh-flow-python,8000000,60,36326434,ns
zenoh-flow-python,8000000,60,32398787,ns
zenoh-flow-python,8000000,60,34600399,ns
zenoh-flow-python,8000000,60,9008618,ns
zenoh-flow-python,8000000,60,16026000,ns
zenoh-flow-python,8000000,60,21053724,ns
zenoh-flow-python,8000000,60,23586948,ns
zenoh-flow-python,8000000,60,7927128,ns
zenoh-flow-python,8000000,60,30905504,ns
zenoh-flow-python,8000000,60,43474764,ns
zenoh-flow-python,8000000,60,25560980,ns
zenoh-flow-python,8000000,60,8065736,ns
zenoh-flow-python,8000000,60,33279540,ns
zenoh-flow-python,8000000,60,41648381,ns
zenoh-flow-python,8000000,60,22377069,ns
zenoh-flow-python,8000000,60,7505190,ns
zenoh-flow-python,8000000,60,25618950,ns
zenoh-flow-python,8000000,60,42443858,ns
zenoh-flow-python,8000000,60,7547882,ns
zenoh-flow-python,8000000,60,24220296,ns
zenoh-flow-python,8000000,60,28858251,ns
zenoh-flow-python,8000000,60,35320137,ns
zenoh-flow-python,8000000,60,9394047,ns
zenoh-flow-python,8000000,60,40906467,ns
zenoh-flow-python,8000000,60,24764450,ns
zenoh-flow-python,8000000,60,29399741,ns
zenoh-flow-python,8000000,60,9319895,ns
zenoh-flow-python,8000000,60,40723178,ns
zenoh-flow-python,8000000,60,24771743,ns
zenoh-flow-python,8000000,60,29456201,ns
zenoh-flow-python,8000000,60,9232036,ns
zenoh-flow-python,8000000,60,19230427,ns
zenoh-flow-python,8000000,60,16946089,ns
zenoh-flow-python,8000000,60,22539880,ns
zenoh-flow-python,8000000,60,7956616,ns
zenoh-flow-python,8000000,60,38475874,ns
zenoh-flow-python,8000000,60,25588712,ns
zenoh-flow-python,8000000,60,32239053,ns
zenoh-flow-python,8000000,60,10109008,ns
zenoh-flow-python,8000000,60,41992977,ns
zenoh-flow-python,8000000,60,20977304,ns
zenoh-flow-python,8000000,60,26953467,ns
zenoh-flow-python,8000000,60,9006831,ns
zenoh-flow-python,8000000,60,19809207,ns
zenoh-flow-python,8000000,60,19019553,ns
zenoh-flow-python,8000000,60,21124493,ns
zenoh-flow-python,8000000,60,7433926,ns
zenoh-flow-python,8000000,60,31624915,ns
zenoh-flow-python,8000000,60,25762339,ns
zenoh-flow-python,8000000,60,31720813,ns
zenoh-flow-python,8000000,60,9971635,ns
zenoh-flow-python,8000000,60,39949254,ns
zenoh-flow-python,8000000,60,20959935,ns
zenoh-flow-python,8000000,60,24831070,ns
zenoh-flow-python,8000000,60,8208250,ns
zenoh-flow-python,8000000,60,19564016,ns
zenoh-flow-python,8000000,60,16920022,ns
zenoh-flow-python,8000000,60,24234971,ns
zenoh-flow-python,8000000,60,8374515,ns
zenoh-flow-python,8000000,60,36448116,ns
zenoh-flow-python,8000000,60,24459276,ns
zenoh-flow-python,8000000,60,30269397,ns
zenoh-flow-python,8000000,60,9579573,ns
zenoh-flow-python,8000000,60,41397819,ns
zenoh-flow-python,8000000,60,21029784,ns
zenoh-flow-python,8000000,60,26901760,ns
zenoh-flow-python,8000000,60,8916510,ns
zenoh-flow-python,8000000,60,19015014,ns
zenoh-flow-python,8000000,60,16912912,ns
zenoh-flow-python,8000000,60,22594646,ns
zenoh-flow-python,8000000,60,7830445,ns
zenoh-flow-python,8000000,60,31812177,ns
zenoh-flow-python,8000000,60,26134417,ns
zenoh-flow-python,8000000,60,32232096,ns
zenoh-flow-python,8000000,60,10125373,ns
zenoh-flow-python,8000000,60,41840133,ns
zenoh-flow-python,8000000,60,26979957,ns
zenoh-flow-python,8000000,60,34042739,ns
zenoh-flow-python,8000000,60,10624810,ns
zenoh-flow-python,8000000,60,40836743,ns
zenoh-flow-python,8000000,60,21003794,ns
zenoh-flow-python,8000000,60,24870065,ns
zenoh-flow-python,8000000,60,8142199,ns
zenoh-flow-python,8000000,60,26785514,ns
zenoh-flow-python,8000000,60,15822637,ns
zenoh-flow-python,8000000,60,19150625,ns
zenoh-flow-python,8000000,60,7192899,ns
zenoh-flow-python,8000000,60,31439606,ns
zenoh-flow-python,8000000,60,29534086,ns
zenoh-flow-python,8000000,60,37290348,ns
zenoh-flow-python,8000000,60,8311577,ns
zenoh-flow-python,8000000,60,30461157,ns
zenoh-flow-python,8000000,60,31766324,ns
zenoh-flow-python,8000000,60,26505210,ns
zenoh-flow-python,8000000,60,27406054,ns
zenoh-flow-python,8000000,60,8658062,ns
zenoh-flow-python,8000000,60,27192882,ns
zenoh-flow-python,8000000,60,42544321,ns
zenoh-flow-python,8000000,60,25426476,ns
zenoh-flow-python,8000000,60,8242535,ns
zenoh-flow-python,8000000,60,33764730,ns
zenoh-flow-python,8000000,60,35279266,ns
zenoh-flow-python,8000000,60,19863164,ns
zenoh-flow-python,8000000,60,6861030,ns
zenoh-flow-python,8000000,60,16545704,ns
zenoh-flow-python,8000000,60,22049912,ns
zenoh-flow-python,8000000,60,22392604,ns
zenoh-flow-python,8000000,60,7509939,ns
zenoh-flow-python,8000000,60,25496876,ns
zenoh-flow-python,8000000,60,39226043,ns
zenoh-flow-python,8000000,60,24699118,ns
zenoh-flow-python,8000000,60,7911279,ns
zenoh-flow-python,8000000,60,24091712,ns
zenoh-flow-python,8000000,60,34545306,ns
zenoh-flow-python,8000000,60,19672262,ns
zenoh-flow-python,8000000,60,7070442,ns
zenoh-flow-python,8000000,60,17060997,ns
zenoh-flow-python,8000000,60,28665699,ns
zenoh-flow-python,8000000,60,18988796,ns
zenoh-flow-python,8000000,60,6941672,ns
zenoh-flow-python,8000000,60,21728257,ns
zenoh-flow-python,8000000,60,39332979,ns
zenoh-flow-python,8000000,60,24609565,ns
zenoh-flow-python,8000000,60,7987985,ns
zenoh-flow-python,8000000,60,31008629,ns
zenoh-flow-python,8000000,60,39819896,ns
zenoh-flow-python,8000000,60,24668992,ns
zenoh-flow-python,8000000,60,7935411,ns
zenoh-flow-python,8000000,60,30897274,ns
zenoh-flow-python,8000000,60,41512918,ns
zenoh-flow-python,8000000,60,22351633,ns
zenoh-flow-python,8000000,60,7516390,ns
zenoh-flow-python,8000000,60,25646286,ns
zenoh-flow-python,8000000,60,39171246,ns
zenoh-flow-python,8000000,60,28706031,ns
zenoh-flow-python,8000000,60,9047666,ns
zenoh-flow-python,8000000,60,34387467,ns
zenoh-flow-python,8000000,60,8742322,ns
zenoh-flow-python,8000000,60,43289990,ns
zenoh-flow-python,8000000,60,27380634,ns
zenoh-flow-python,8000000,60,23589265,ns
zenoh-flow-python,8000000,60,7868174,ns
zenoh-flow-python,8000000,60,21263160,ns
zenoh-flow-python,8000000,60,27613987,ns
zenoh-flow-python,8000000,60,23690645,ns
zenoh-flow-python,8000000,60,8411401,ns
zenoh-flow-python,8000000,60,40297313,ns
zenoh-flow-python,8000000,60,19203845,ns
zenoh-flow-python,8000000,60,15882133,ns
zenoh-flow-python,8000000,60,7170834,ns
zenoh-flow-python,8000000,60,36358298,ns
zenoh-flow-python,8000000,60,27261246,ns
zenoh-flow-python,8000000,60,22677388,ns
zenoh-flow-python,8000000,60,8157060,ns
zenoh-flow-python,8000000,60,41400171,ns
zenoh-flow-python,8000000,60,27298895,ns
zenoh-flow-python,8000000,60,23620261,ns
zenoh-flow-python,8000000,60,8425490,ns
zenoh-flow-python,8000000,60,33893288,ns
zenoh-flow-python,8000000,60,18144814,ns
zenoh-flow-python,8000000,60,15811535,ns
zenoh-flow-python,8000000,60,7117433,ns
zenoh-flow-python,8000000,60,36569564,ns
zenoh-flow-python,8000000,60,29763497,ns
zenoh-flow-python,8000000,60,26890433,ns
zenoh-flow-python,8000000,60,9029612,ns
zenoh-flow-python,8000000,60,38238382,ns
zenoh-flow-python,8000000,60,7920208,ns
zenoh-flow-python,8000000,60,37938006,ns
zenoh-flow-python,8000000,60,23697219,ns
zenoh-flow-python,8000000,60,28238968,ns
zenoh-flow-python,8000000,60,8926086,ns
zenoh-flow-python,8000000,60,34704638,ns
zenoh-flow-python,8000000,60,16579358,ns
zenoh-flow-python,8000000,60,19933246,ns
zenoh-flow-python,8000000,60,7503252,ns
zenoh-flow-python,8000000,60,31615944,ns
zenoh-flow-python,8000000,60,23602783,ns
zenoh-flow-python,8000000,60,28310916,ns
zenoh-flow-python,8000000,60,9020020,ns
zenoh-flow-python,8000000,60,18411601,ns
zenoh-flow-python,8000000,60,16520662,ns
zenoh-flow-python,8000000,60,20650134,ns
zenoh-flow-python,8000000,60,14206639,ns
zenoh-flow-python,8000000,60,40138236,ns
zenoh-flow-python,8000000,60,21056023,ns
zenoh-flow-python,8000000,60,26980607,ns
zenoh-flow-python,8000000,60,8921387,ns
zenoh-flow-python,8000000,60,39626922,ns
zenoh-flow-python,8000000,60,21066724,ns
zenoh-flow-python,8000000,60,26987538,ns
zenoh-flow-python,8000000,60,9017137,ns
zenoh-flow-python,8000000,60,34753860,ns
zenoh-flow-python,8000000,60,16524083,ns
zenoh-flow-python,8000000,60,20059147,ns
zenoh-flow-python,8000000,60,7463890,ns
zenoh-flow-python,8000000,60,31493694,ns
zenoh-flow-python,8000000,60,25721656,ns
zenoh-flow-python,8000000,60,32655656,ns
zenoh-flow-python,8000000,60,9977265,ns
zenoh-flow-python,8000000,60,19284109,ns
zenoh-flow-python,8000000,60,16998524,ns
zenoh-flow-python,8000000,60,22894232,ns
zenoh-flow-python,8000000,60,7795409,ns
zenoh-flow-python,8000000,60,36268629,ns
zenoh-flow-python,8000000,60,27082873,ns
zenoh-flow-python,8000000,60,31823122,ns
zenoh-flow-python,8000000,60,10135262,ns
zenoh-flow-python,8000000,60,41236377,ns
zenoh-flow-python,8000000,60,26965787,ns
zenoh-flow-python,8000000,60,34374103,ns
zenoh-flow-python,8000000,60,9015011,ns
zenoh-flow-python,8000000,60,18677421,ns
zenoh-flow-python,8000000,60,17712007,ns
zenoh-flow-python,8000000,60,22448827,ns
zenoh-flow-python,8000000,60,7753118,ns
zenoh-flow-python,8000000,60,31318399,ns
zenoh-flow-python,8000000,60,21530489,ns
zenoh-flow-python,8000000,60,29505853,ns
zenoh-flow-python,8000000,60,9626873,ns
zenoh-flow-python,8000000,60,42360540,ns
zenoh-flow-python,8000000,60,20984247,ns
zenoh-flow-python,8000000,60,24950640,ns
zenoh-flow-python,8000000,60,8196807,ns
zenoh-flow-python,8000000,60,19101316,ns
zenoh-flow-python,8000000,60,16501051,ns
zenoh-flow-python,8000000,60,20513894,ns
zenoh-flow-python,8000000,60,7449070,ns
zenoh-flow-python,8000000,60,27310823,ns
zenoh-flow-python,8000000,60,27846675,ns
zenoh-flow-python,8000000,60,34333339,ns
zenoh-flow-python,8000000,60,9028682,ns
zenoh-flow-python,8000000,60,40158232,ns
zenoh-flow-python,8000000,60,27066140,ns
zenoh-flow-python,8000000,60,34488728,ns
zenoh-flow-python,8000000,60,8929181,ns
zenoh-flow-python,8000000,60,40109792,ns
zenoh-flow-python,8000000,60,24793759,ns
zenoh-flow-python,8000000,60,29677628,ns
zenoh-flow-python,8000000,60,8305904,ns
zenoh-flow-python,8000000,60,21321019,ns
zenoh-flow-python,8000000,60,23382515,ns
zenoh-flow-python,8000000,60,8890295,ns
zenoh-flow-python,8000000,60,40403334,ns
zenoh-flow-python,8000000,60,25537456,ns
zenoh-flow-python,8000000,60,21097719,ns
zenoh-flow-python,8000000,60,7756224,ns
zenoh-flow-python,8000000,60,40110630,ns
zenoh-flow-python,8000000,60,30017561,ns
zenoh-flow-python,8000000,60,24758050,ns
zenoh-flow-python,8000000,60,8901836,ns
zenoh-flow-python,8000000,60,42327778,ns
zenoh-flow-python,8000000,60,27418011,ns
zenoh-flow-python,8000000,60,23720428,ns
zenoh-flow-python,8000000,60,7642877,ns
zenoh-flow-python,8000000,60,21592283,ns
zenoh-flow-python,8000000,60,33375150,ns
zenoh-flow-python,8000000,60,24745380,ns
zenoh-flow-python,8000000,60,8886263,ns
zenoh-flow-python,8000000,60,40817343,ns
zenoh-flow-python,8000000,60,33225446,ns
zenoh-flow-python,8000000,60,28209055,ns
zenoh-flow-python,8000000,60,9702378,ns
zenoh-flow-python,8000000,60,40121638,ns
zenoh-flow-python,8000000,60,25498721,ns
zenoh-flow-python,8000000,60,21046126,ns
zenoh-flow-python,8000000,60,7829712,ns
zenoh-flow-python,8000000,60,40073549,ns
zenoh-flow-python,8000000,60,33179730,ns
zenoh-flow-python,8000000,60,28691513,ns
zenoh-flow-python,8000000,60,8385920,ns
zenoh-flow-python,8000000,60,20503594,ns
zenoh-flow-python,8000000,60,27510734,ns
zenoh-flow-python,8000000,60,23670338,ns
zenoh-flow-python,8000000,60,8554632,ns
zenoh-flow-python,8000000,60,39813173,ns
zenoh-flow-python,8000000,60,33260439,ns
zenoh-flow-python,8000000,60,28633683,ns
zenoh-flow-python,8000000,60,8332479,ns
zenoh-flow-python,8000000,60,20372575,ns
zenoh-flow-python,8000000,60,28159429,ns
zenoh-flow-python,8000000,60,23615260,ns
zenoh-flow-python,8000000,60,9551787,ns
zenoh-flow-python,8000000,60,34694560,ns
zenoh-flow-python,8000000,60,27511434,ns
zenoh-flow-python,8000000,60,21580783,ns
zenoh-flow-python,8000000,60,7912703,ns
zenoh-flow-python,8000000,60,34830283,ns
zenoh-flow-python,8000000,60,23839954,ns
zenoh-flow-python,8000000,60,19603916,ns
zenoh-flow-python,8000000,60,7464719,ns
zenoh-flow-python,8000000,60,36068300,ns
zenoh-flow-python,8000000,60,36938660,ns
zenoh-flow-python,8000000,60,25913878,ns
zenoh-flow-python,8000000,60,9183697,ns
zenoh-flow-python,8000000,60,40641693,ns
zenoh-flow-python,8000000,60,22410056,ns
zenoh-flow-python,8000000,60,18550718,ns
zenoh-flow-python,8000000,60,7264875,ns
zenoh-flow-python,8000000,60,19560510,ns
zenoh-flow-python,8000000,60,20264152,ns
zenoh-flow-python,8000000,60,17612473,ns
zenoh-flow-python,8000000,60,7234584,ns
zenoh-flow-python,8000000,60,38072866,ns
zenoh-flow-python,8000000,60,31648540,ns
zenoh-flow-python,8000000,60,27060722,ns
zenoh-flow-python,8000000,60,9595475,ns
zenoh-flow-python,8000000,60,39806879,ns
zenoh-flow-python,8000000,60,27385340,ns
zenoh-flow-python,8000000,60,23727383,ns
zenoh-flow-python,8000000,60,8538019,ns
zenoh-flow-python,8000000,60,19409361,ns
zenoh-flow-python,8000000,60,19749760,ns
zenoh-flow-python,8000000,60,17242120,ns
zenoh-flow-python,8000000,60,7136739,ns
zenoh-flow-python,8000000,60,31375314,ns
zenoh-flow-python,8000000,60,26176172,ns
zenoh-flow-python,8000000,60,22705370,ns
zenoh-flow-python,8000000,60,8086876,ns
zenoh-flow-python,8000000,60,37891015,ns
zenoh-flow-python,8000000,60,19814803,ns
zenoh-flow-python,8000000,60,15673901,ns
zenoh-flow-python,8000000,60,6948610,ns
zenoh-flow-python,8000000,60,32935952,ns
zenoh-flow-python,8000000,60,33200144,ns
zenoh-flow-python,8000000,60,23606967,ns
zenoh-flow-python,8000000,60,8528424,ns
zenoh-flow-python,8000000,60,42214996,ns
zenoh-flow-python,8000000,60,33177995,ns
zenoh-flow-python,8000000,60,28666925,ns
zenoh-flow-python,8000000,60,10011535,ns
zenoh-flow-python,8000000,60,43160667,ns
zenoh-flow-python,8000000,60,8199013,ns
zenoh-flow-python,8000000,60,29074037,ns
zenoh-flow-python,8000000,60,34671548,ns
zenoh-flow-python,8000000,60,29442555,ns
zenoh-flow-python,8000000,60,7838701,ns
zenoh-flow-python,8000000,60,16588791,ns
zenoh-flow-python,8000000,60,29088818,ns
zenoh-flow-python,8000000,60,31248761,ns
zenoh-flow-python,8000000,60,8341079,ns
zenoh-flow-python,8000000,60,29417398,ns
zenoh-flow-python,8000000,60,43719625,ns
zenoh-flow-python,8000000,60,25385972,ns
zenoh-flow-python,8000000,60,8392777,ns
zenoh-flow-python,8000000,60,19639667,ns
zenoh-flow-python,8000000,60,27365834,ns
zenoh-flow-python,8000000,60,28613937,ns
zenoh-flow-python,8000000,60,8925584,ns
zenoh-flow-python,8000000,60,33264551,ns
zenoh-flow-python,8000000,60,40506938,ns
zenoh-flow-python,8000000,60,24250562,ns
zenoh-flow-python,8000000,60,7984410,ns
zenoh-flow-python,8000000,60,27169587,ns
zenoh-flow-python,8000000,60,39423500,ns
zenoh-flow-python,8000000,60,7991104,ns
zenoh-flow-python,8000000,60,22668439,ns
zenoh-flow-python,8000000,60,18740628,ns
zenoh-flow-python,8000000,60,27409283,ns
zenoh-flow-python,8000000,60,9349727,ns
zenoh-flow-python,8000000,60,19281998,ns
zenoh-flow-python,8000000,60,16877247,ns
zenoh-flow-python,8000000,60,24327640,ns
zenoh-flow-python,8000000,60,8373744,ns
zenoh-flow-python,8000000,60,36193636,ns
zenoh-flow-python,8000000,60,24532559,ns
zenoh-flow-python,8000000,60,30419979,ns
zenoh-flow-python,8000000,60,9565626,ns
zenoh-flow-python,8000000,60,18754419,ns
zenoh-flow-python,8000000,60,16483888,ns
zenoh-flow-python,8000000,60,21845860,ns
zenoh-flow-python,8000000,60,7785231,ns
zenoh-flow-python,8000000,60,40712741,ns
zenoh-flow-python,8000000,60,26983407,ns
zenoh-flow-python,8000000,60,34266610,ns
zenoh-flow-python,8000000,60,23620240,ns
zenoh-flow-python,8000000,60,28190131,ns
zenoh-flow-python,8000000,60,8981611,ns
zenoh-flow-python,8000000,60,40347184,ns
zenoh-flow-python,8000000,60,22325430,ns
zenoh-flow-python,8000000,60,18761361,ns
zenoh-flow-python,8000000,60,6858814,ns
zenoh-flow-python,8000000,60,24005662,ns
zenoh-flow-python,8000000,60,27206685,ns
zenoh-flow-python,8000000,60,33588588,ns
zenoh-flow-python,8000000,60,8550652,ns
zenoh-flow-python,8000000,60,34543280,ns
zenoh-flow-python,8000000,60,28658912,ns
zenoh-flow-python,8000000,60,35749695,ns
zenoh-flow-python,8000000,60,7940523,ns
zenoh-flow-python,8000000,60,18102579,ns
zenoh-flow-python,8000000,60,18583854,ns
zenoh-flow-python,8000000,60,26187949,ns
zenoh-flow-python,8000000,60,8894214,ns
zenoh-flow-python,8000000,60,40228626,ns
zenoh-flow-python,8000000,60,22442555,ns
zenoh-flow-python,8000000,60,28048442,ns
zenoh-flow-python,8000000,60,8911547,ns
zenoh-flow-python,8000000,60,40580516,ns
zenoh-flow-python,8000000,60,27071414,ns
zenoh-flow-python,8000000,60,34017546,ns
zenoh-flow-python,8000000,60,10605130,ns
zenoh-flow-python,8000000,60,42546425,ns
zenoh-flow-python,8000000,60,20958872,ns
zenoh-flow-python,8000000,60,27395027,ns
zenoh-flow-python,8000000,60,9237596,ns
zenoh-flow-python,8000000,60,18514767,ns
zenoh-flow-python,8000000,60,16847344,ns
zenoh-flow-python,8000000,60,22509213,ns
zenoh-flow-python,8000000,60,7939509,ns
zenoh-flow-python,8000000,60,38266540,ns
zenoh-flow-python,8000000,60,23702064,ns
zenoh-flow-python,8000000,60,28193598,ns
zenoh-flow-python,8000000,60,8913427,ns
zenoh-flow-python,8000000,60,34945995,ns
zenoh-flow-python,8000000,60,21862794,ns
zenoh-flow-python,8000000,60,27782879,ns
zenoh-flow-python,8000000,60,9335931,ns
zenoh-flow-python,8000000,60,36623475,ns
zenoh-flow-python,8000000,60,22570781,ns
zenoh-flow-python,8000000,60,26905643,ns
zenoh-flow-python,8000000,60,8632540,ns
zenoh-flow-python,8000000,60,18958556,ns
zenoh-flow-python,8000000,60,16474572,ns
zenoh-flow-python,8000000,60,20769114,ns
zenoh-flow-python,8000000,60,7397304,ns
zenoh-flow-python,8000000,60,30328972,ns
zenoh-flow-python,8000000,60,35332361,ns
zenoh-flow-python,8000000,60,28769303,ns
zenoh-flow-python,8000000,60,9234651,ns
zenoh-flow-python,8000000,60,17919407,ns
zenoh-flow-python,8000000,60,16455365,ns
zenoh-flow-python,8000000,60,21639072,ns
zenoh-flow-python,8000000,60,7830129,ns
zenoh-flow-python,8000000,60,40990156,ns
zenoh-flow-python,8000000,60,26954156,ns
zenoh-flow-python,8000000,60,34172559,ns
zenoh-flow-python,8000000,60,8968759,ns
zenoh-flow-python,8000000,60,34572827,ns
zenoh-flow-python,8000000,60,25924807,ns
zenoh-flow-python,8000000,60,30741829,ns
zenoh-flow-python,8000000,60,9707835,ns
zenoh-flow-python,8000000,60,41438626,ns
zenoh-flow-python,8000000,60,22423123,ns
zenoh-flow-python,8000000,60,30896028,ns
zenoh-flow-python,8000000,60,9977490,ns
zenoh-flow-python,8000000,60,41862825,ns
zenoh-flow-python,8000000,60,24758022,ns
zenoh-flow-python,8000000,60,29426007,ns
zenoh-flow-python,8000000,60,9223955,ns
zenoh-flow-python,8000000,60,40841276,ns
zenoh-flow-python,8000000,60,24799869,ns
zenoh-flow-python,8000000,60,29351802,ns
zenoh-flow-python,8000000,60,9248943,ns
zenoh-flow-python,8000000,60,40784567,ns
zenoh-flow-python,8000000,60,26967320,ns
zenoh-flow-python,8000000,60,33353350,ns
zenoh-flow-python,8000000,60,9035299,ns
zenoh-flow-python,8000000,60,18742046,ns
zenoh-flow-python,8000000,60,16479618,ns
zenoh-flow-python,8000000,60,21750817,ns
zenoh-flow-python,8000000,60,7825892,ns
zenoh-flow-python,8000000,60,36278079,ns
zenoh-flow-python,8000000,60,27103934,ns
zenoh-flow-python,8000000,60,32379355,ns
zenoh-flow-python,8000000,60,26699144,ns
zenoh-flow-python,8000000,60,7874198,ns
zenoh-flow-python,8000000,60,22341670,ns
zenoh-flow-python,8000000,60,27871832,ns
zenoh-flow-python,8000000,60,24628698,ns
zenoh-flow-python,8000000,60,8876116,ns
zenoh-flow-python,8000000,60,36535283,ns
zenoh-flow-python,8000000,60,18632137,ns
zenoh-flow-python,8000000,60,15812876,ns
zenoh-flow-python,8000000,60,7075133,ns
zenoh-flow-python,8000000,60,36372084,ns
zenoh-flow-python,8000000,60,36762112,ns
zenoh-flow-python,8000000,60,21795643,ns
zenoh-flow-python,8000000,60,7894943,ns
zenoh-flow-python,8000000,60,19333709,ns
zenoh-flow-python,8000000,60,20668769,ns
zenoh-flow-python,8000000,60,18762426,ns
zenoh-flow-python,8000000,60,7349262,ns
zenoh-flow-python,8000000,60,31325774,ns
zenoh-flow-python,8000000,60,26205029,ns
zenoh-flow-python,8000000,60,22554762,ns
zenoh-flow-python,8000000,60,8210057,ns
zenoh-flow-python,8000000,60,38297397,ns
zenoh-flow-python,8000000,60,19307831,ns
zenoh-flow-python,8000000,60,15375903,ns
zenoh-flow-python,8000000,60,6964719,ns
zenoh-flow-python,8000000,60,31848383,ns
zenoh-flow-python,8000000,60,31247253,ns
zenoh-flow-python,8000000,60,27211720,ns
zenoh-flow-python,8000000,60,9574605,ns
zenoh-flow-python,8000000,60,43313806,ns
zenoh-flow-python,8000000,60,25382522,ns
zenoh-flow-python,8000000,60,20955184,ns
zenoh-flow-python,8000000,60,7784644,ns
zenoh-flow-python,8000000,60,40447366,ns
zenoh-flow-python,8000000,60,29960885,ns
zenoh-flow-python,8000000,60,24749028,ns
zenoh-flow-python,8000000,60,8726828,ns
zenoh-flow-python,8000000,60,41620031,ns
zenoh-flow-python,8000000,60,27373980,ns
zenoh-flow-python,8000000,60,23714844,ns
zenoh-flow-python,8000000,60,8445974,ns
zenoh-flow-python,8000000,60,40275495,ns
zenoh-flow-python,8000000,60,27324719,ns
zenoh-flow-python,8000000,60,23705246,ns
zenoh-flow-python,8000000,60,7744827,ns
zenoh-flow-python,8000000,60,19608150,ns
zenoh-flow-python,8000000,60,29221525,ns
zenoh-flow-python,8000000,60,25777169,ns
zenoh-flow-python,8000000,60,9084216,ns
zenoh-flow-python,8000000,60,41558470,ns
zenoh-flow-python,8000000,60,32492219,ns
zenoh-flow-python,8000000,60,23609865,ns
zenoh-flow-python,8000000,60,13379928,ns
zenoh-flow-python,8000000,60,43182304,ns
zenoh-flow-python,8000000,60,27156658,ns
zenoh-flow-python,8000000,60,23677169,ns
zenoh-flow-python,8000000,60,8541150,ns
zenoh-flow-python,8000000,60,41954075,ns
zenoh-flow-python,8000000,60,33115917,ns
zenoh-flow-python,8000000,60,30009278,ns
zenoh-flow-python,8000000,60,9695184,ns
zenoh-flow-python,8000000,60,36065224,ns
zenoh-flow-python,8000000,60,23622332,ns
zenoh-flow-python,8000000,60,15706753,ns
zenoh-flow-python,8000000,60,6689256,ns
zenoh-flow-python,8000000,60,24298164,ns
zenoh-flow-python,8000000,60,33059178,ns
zenoh-flow-python,8000000,60,22994932,ns
zenoh-flow-python,8000000,60,8418585,ns
zenoh-flow-python,8000000,60,40452206,ns
zenoh-flow-python,8000000,60,19858234,ns
zenoh-flow-python,8000000,60,15357504,ns
zenoh-flow-python,8000000,60,6797469,ns
zenoh-flow-python,8000000,60,27683591,ns
zenoh-flow-python,8000000,60,9358476,ns
zenoh-flow-python,8000000,60,36158288,ns
zenoh-flow-python,8000000,60,39686016,ns
zenoh-flow-python,8000000,60,24673010,ns
zenoh-flow-python,8000000,60,7955689,ns
zenoh-flow-python,8000000,60,30976301,ns
zenoh-flow-python,8000000,60,43196942,ns
zenoh-flow-python,8000000,60,25550568,ns
zenoh-flow-python,8000000,60,7798963,ns
zenoh-flow-python,8000000,60,16397006,ns
zenoh-flow-python,8000000,60,26358275,ns
zenoh-flow-python,8000000,60,27405275,ns
zenoh-flow-python,8000000,60,8642353,ns
zenoh-flow-python,8000000,60,30960781,ns
zenoh-flow-python,8000000,60,42009497,ns
zenoh-flow-python,8000000,60,22351600,ns
zenoh-flow-python,8000000,60,7514203,ns
zenoh-flow-python,8000000,60,23558501,ns
zenoh-flow-python,8000000,60,39538824,ns
zenoh-flow-python,8000000,60,19264288,ns
zenoh-flow-python,8000000,60,6951663,ns
zenoh-flow-python,8000000,60,19246043,ns
zenoh-flow-python,8000000,60,39359219,ns
zenoh-flow-python,8000000,60,28799416,ns
zenoh-flow-python,8000000,60,8921964,ns
zenoh-flow-python,8000000,60,36370292,ns
zenoh-flow-python,8000000,60,35017027,ns
zenoh-flow-python,8000000,60,25444519,ns
zenoh-flow-python,8000000,60,8124897,ns
zenoh-flow-python,8000000,60,29191701,ns
zenoh-flow-python,8000000,60,34301238,ns
zenoh-flow-python,8000000,60,29977513,ns
zenoh-flow-python,8000000,60,9338989,ns
zenoh-flow-python,8000000,60,16552186,ns
zenoh-flow-python,8000000,60,19932360,ns
zenoh-flow-python,8000000,60,23041907,ns
zenoh-flow-python,8000000,60,7832578,ns
zenoh-flow-python,8000000,60,30253742,ns
zenoh-flow-python,8000000,60,41623462,ns
zenoh-flow-python,8000000,60,22549073,ns